val_reg_loss,val_minADE,val_minFDE,val_minMR,epoch,step,train_reg_loss_epoch
3.622142791748047,14.893744468688965,29.0738468170166,0.999666690826416,0,15,
,,,,0,15,3.962615489959717
